{"Name":"","Exp":0,"Lv":0,"total_Exp":0,"Str":3.0,"Dex":2.0,"Int":2.0,"Luk":2.0,"nowHp":100.0,"nowMp":0.0,"Position":{"x":0.3959999978542328,"y":0.2120000123977661,"z":-0.1770000010728836}}