{"cameraMode":{"drawMode":0,"name":"Shaded","section":"Shading Mode"},"sceneLighting":true,"audioPlay":false,"sceneViewState":{"showFog":false,"showMaterialUpdate":false,"showSkybox":false,"showFlares":false,"showImageEffects":false,"showParticleSystems":false},"in2DMode":false,"pivot":{"x":931.4268798828125,"y":304.6319580078125,"z":0.0},"rotation":{"x":0.13709861040115357,"y":-0.12243048846721649,"z":0.017109790816903116,"w":0.9828507900238037},"size":348.3492431640625,"orthographic":false}