{"cameraMode":{"drawMode":0,"name":"Shaded","section":"Shading Mode"},"sceneLighting":false,"audioPlay":false,"sceneViewState":{"showFog":false,"showMaterialUpdate":false,"showSkybox":false,"showFlares":false,"showImageEffects":false,"showParticleSystems":false},"in2DMode":false,"pivot":{"x":0.0,"y":0.7300000190734863,"z":1.9700000286102296},"rotation":{"x":-0.15551632642745973,"y":0.5772061944007874,"z":-0.11310487240552902,"w":-0.7936432957649231},"size":0.7144395709037781,"orthographic":false}