{"cameraMode":{"drawMode":0,"name":"Shaded","section":"Shading Mode"},"sceneLighting":false,"audioPlay":false,"sceneViewState":{"showFog":false,"showMaterialUpdate":false,"showSkybox":false,"showFlares":false,"showImageEffects":false,"showParticleSystems":false},"in2DMode":false,"pivot":{"x":1.862645149230957e-9,"y":0.1575762927532196,"z":-3.725290298461914e-9},"rotation":{"x":-0.013229488395154477,"y":0.9695785641670227,"z":-0.05387212336063385,"w":-0.23848110437393189},"size":0.22009031474590302,"orthographic":false}