{"cameraMode":{"drawMode":0,"name":"Shaded","section":"Shading Mode"},"sceneLighting":true,"audioPlay":false,"sceneViewState":{"showFog":false,"showMaterialUpdate":false,"showSkybox":false,"showFlares":false,"showImageEffects":false,"showParticleSystems":false},"in2DMode":false,"pivot":{"x":-3.1814486980438234,"y":-5.368136405944824,"z":7.963058948516846},"rotation":{"x":0.5173857808113098,"y":-0.041560228914022449,"z":0.02515721507370472,"w":0.8543879985809326},"size":5.4271087646484379,"orthographic":false}