{"cameraMode":{"drawMode":0,"name":"Shaded","section":"Shading Mode"},"sceneLighting":true,"audioPlay":false,"sceneViewState":{"showFog":false,"showMaterialUpdate":false,"showSkybox":false,"showFlares":false,"showImageEffects":false,"showParticleSystems":false},"in2DMode":false,"pivot":{"x":10.463058471679688,"y":0.21200013160705567,"z":3.8869447708129885},"rotation":{"x":0.3184864819049835,"y":0.49515798687934878,"z":-0.20146119594573975,"w":0.7828188538551331},"size":5.807008266448975,"orthographic":false}