{"cameraMode":{"drawMode":0,"name":"Shaded","section":"Shading Mode"},"sceneLighting":true,"audioPlay":false,"sceneViewState":{"showFog":false,"showMaterialUpdate":false,"showSkybox":false,"showFlares":false,"showImageEffects":false,"showParticleSystems":false},"in2DMode":false,"pivot":{"x":5.845725059509277,"y":0.51045823097229,"z":10.085780143737793},"rotation":{"x":-0.16425374150276185,"y":-0.0026576421223580839,"z":0.00044141424586996436,"w":-0.9864245653152466},"size":0.43949300050735476,"orthographic":false}