{"cameraMode":{"drawMode":0,"name":"Shaded","section":"Shading Mode"},"sceneLighting":false,"audioPlay":false,"sceneViewState":{"showFog":false,"showMaterialUpdate":false,"showSkybox":false,"showFlares":false,"showImageEffects":false,"showParticleSystems":false},"in2DMode":false,"pivot":{"x":-8.735805749893189e-7,"y":0.0431826189160347,"z":9.313225746154786e-10},"rotation":{"x":-0.1330789029598236,"y":0.019937876611948015,"z":-0.0027013509534299375,"w":-0.9909181594848633},"size":0.10657066106796265,"orthographic":false}