{"cameraMode":{"drawMode":0,"name":"Shaded","section":"Shading Mode"},"sceneLighting":false,"audioPlay":false,"sceneViewState":{"showFog":false,"showMaterialUpdate":false,"showSkybox":false,"showFlares":false,"showImageEffects":false,"showParticleSystems":false},"in2DMode":false,"pivot":{"x":15.438888549804688,"y":1.0433529615402222,"z":-10.586325645446778},"rotation":{"x":0.3623301088809967,"y":0.05308452621102333,"z":-0.020675981417298318,"w":0.9303120374679565},"size":0.17716272175312043,"orthographic":false}