{"cameraMode":{"drawMode":0,"name":"Shaded","section":"Shading Mode"},"sceneLighting":false,"audioPlay":false,"sceneViewState":{"showFog":false,"showMaterialUpdate":false,"showSkybox":false,"showFlares":false,"showImageEffects":false,"showParticleSystems":false},"in2DMode":false,"pivot":{"x":0.05138625204563141,"y":0.07992195338010788,"z":-0.2478022426366806},"rotation":{"x":-0.1330789029598236,"y":0.019937876611948015,"z":-0.0027013509534299375,"w":-0.9909181594848633},"size":0.20120525360107423,"orthographic":false}