{"cameraMode":{"drawMode":0,"name":"Shaded","section":"Shading Mode"},"sceneLighting":false,"audioPlay":false,"sceneViewState":{"showFog":false,"showMaterialUpdate":false,"showSkybox":false,"showFlares":false,"showImageEffects":false,"showParticleSystems":false},"in2DMode":false,"pivot":{"x":0.04688744246959686,"y":0.07589362561702728,"z":1.862645149230957e-9},"rotation":{"x":-0.1330789029598236,"y":0.019937876611948015,"z":-0.0027013509534299375,"w":-0.9909181594848633},"size":0.2365281879901886,"orthographic":false}