{"cameraMode":{"drawMode":0,"name":"Shaded","section":"Shading Mode"},"sceneLighting":false,"audioPlay":false,"sceneViewState":{"showFog":false,"showMaterialUpdate":false,"showSkybox":false,"showFlares":false,"showImageEffects":false,"showParticleSystems":false},"in2DMode":false,"pivot":{"x":-1.7695128917694093e-8,"y":0.06459987163543701,"z":-6.472691893577576e-8},"rotation":{"x":-0.09645052254199982,"y":0.13456369936466218,"z":-0.013184628449380398,"w":-0.9861283898353577},"size":0.1143905371427536,"orthographic":false}