{"cameraMode":{"drawMode":0,"name":"Shaded","section":"Shading Mode"},"sceneLighting":true,"audioPlay":false,"sceneViewState":{"showFog":false,"showMaterialUpdate":false,"showSkybox":false,"showFlares":false,"showImageEffects":false,"showParticleSystems":false},"in2DMode":false,"pivot":{"x":1907.6617431640625,"y":19.801759719848634,"z":-12.958118438720704},"rotation":{"x":-0.10480831563472748,"y":-0.003860111115500331,"z":0.00038163663703016937,"w":-0.9945012331008911},"size":34.51438903808594,"orthographic":false}