{"cameraMode":{"drawMode":0,"name":"Shaded","section":"Shading Mode"},"sceneLighting":false,"audioPlay":false,"sceneViewState":{"showFog":false,"showMaterialUpdate":false,"showSkybox":false,"showFlares":false,"showImageEffects":false,"showParticleSystems":false},"in2DMode":false,"pivot":{"x":0.010656296275556088,"y":0.1781693696975708,"z":1.0989606380462647e-7},"rotation":{"x":-0.0003131680132355541,"y":0.9989103078842163,"z":-0.04648323729634285,"w":-0.007168372627347708},"size":0.23611967265605927,"orthographic":false}