{"cameraMode":{"drawMode":0,"name":"Shaded","section":"Shading Mode"},"sceneLighting":true,"audioPlay":false,"sceneViewState":{"showFog":true,"showMaterialUpdate":false,"showSkybox":true,"showFlares":true,"showImageEffects":true,"showParticleSystems":true},"in2DMode":false,"pivot":{"x":18.14867401123047,"y":0.4639880061149597,"z":2.003115177154541},"rotation":{"x":-0.02692929469048977,"y":-0.9662705063819885,"z":0.22971248626708985,"w":-0.1132826954126358},"size":4.263920307159424,"orthographic":true}