{"cameraMode":{"drawMode":0,"name":"Shaded","section":"Shading Mode"},"sceneLighting":true,"audioPlay":false,"sceneViewState":{"showFog":false,"showMaterialUpdate":false,"showSkybox":false,"showFlares":false,"showImageEffects":false,"showParticleSystems":false},"in2DMode":false,"pivot":{"x":968.2999877929688,"y":218.60000610351563,"z":0.0},"rotation":{"x":-0.07193992286920548,"y":-0.0020726104266941549,"z":0.00010210488107986748,"w":-0.9974342584609985},"size":257.43072509765627,"orthographic":false}