{"cameraMode":{"drawMode":0,"name":"Shaded","section":"Shading Mode"},"sceneLighting":false,"audioPlay":false,"sceneViewState":{"showFog":false,"showMaterialUpdate":false,"showSkybox":false,"showFlares":false,"showImageEffects":false,"showParticleSystems":false},"in2DMode":false,"pivot":{"x":-0.024393849074840547,"y":0.030140668153762819,"z":-1.862645149230957e-8},"rotation":{"x":-0.09645052254199982,"y":0.13456369936466218,"z":-0.013184628449380398,"w":-0.9861283898353577},"size":0.21138739585876466,"orthographic":false}