{"cameraMode":{"drawMode":0,"name":"Shaded","section":"Shading Mode"},"sceneLighting":false,"audioPlay":false,"sceneViewState":{"showFog":false,"showMaterialUpdate":false,"showSkybox":false,"showFlares":false,"showImageEffects":false,"showParticleSystems":false},"in2DMode":false,"pivot":{"x":0.9100000262260437,"y":1.3399999141693116,"z":10.319999694824219},"rotation":{"x":-0.03641117364168167,"y":-0.9616613984107971,"z":0.1586477905511856,"w":-0.2207099348306656},"size":1.5588483810424805,"orthographic":false}