{"cameraMode":{"drawMode":0,"name":"Shaded","section":"Shading Mode"},"sceneLighting":false,"audioPlay":false,"sceneViewState":{"showFog":false,"showMaterialUpdate":false,"showSkybox":false,"showFlares":false,"showImageEffects":false,"showParticleSystems":false},"in2DMode":false,"pivot":{"x":0.030633138492703439,"y":0.08876065909862519,"z":0.12160417437553406},"rotation":{"x":0.00010873066639760509,"y":0.9999262690544128,"z":-0.010799749754369259,"w":0.008124343119561673},"size":0.1169634610414505,"orthographic":false}