{"cameraMode":{"drawMode":0,"name":"Shaded","section":"Shading Mode"},"sceneLighting":false,"audioPlay":false,"sceneViewState":{"showFog":false,"showMaterialUpdate":false,"showSkybox":false,"showFlares":false,"showImageEffects":false,"showParticleSystems":false},"in2DMode":false,"pivot":{"x":-2.410125732421875,"y":1.1850001811981202,"z":10.56429386138916},"rotation":{"x":0.08546017855405808,"y":-0.8618384003639221,"z":0.47531044483184817,"w":0.15495753288269044},"size":3.6588480472564699,"orthographic":false}