{"cameraMode":{"drawMode":0,"name":"Shaded","section":"Shading Mode"},"sceneLighting":true,"audioPlay":false,"sceneViewState":{"showFog":false,"showMaterialUpdate":false,"showSkybox":false,"showFlares":false,"showImageEffects":false,"showParticleSystems":false},"in2DMode":false,"pivot":{"x":-1.1182076930999756,"y":-2.2690775394439699,"z":26.498716354370118},"rotation":{"x":-0.30029061436653139,"y":-0.11948389559984207,"z":0.03794480115175247,"w":-0.9455777406692505},"size":3.958848237991333,"orthographic":false}