{"cameraMode":{"drawMode":0,"name":"Shaded","section":"Shading Mode"},"sceneLighting":true,"audioPlay":false,"sceneViewState":{"showFog":false,"showMaterialUpdate":false,"showSkybox":false,"showFlares":false,"showImageEffects":false,"showParticleSystems":false},"in2DMode":false,"pivot":{"x":812.010986328125,"y":391.93658447265627,"z":0.0},"rotation":{"x":-0.16425374150276185,"y":-0.0026576421223580839,"z":0.00044141424586996436,"w":-0.9864245653152466},"size":165.4320526123047,"orthographic":false}