{"cameraMode":{"drawMode":0,"name":"Shaded","section":"Shading Mode"},"sceneLighting":false,"audioPlay":false,"sceneViewState":{"showFog":false,"showMaterialUpdate":false,"showSkybox":false,"showFlares":false,"showImageEffects":false,"showParticleSystems":false},"in2DMode":false,"pivot":{"x":0.00005906447768211365,"y":0.1861439049243927,"z":0.0},"rotation":{"x":-0.013229488395154477,"y":0.9695785641670227,"z":-0.05387212336063385,"w":-0.23848110437393189},"size":0.28173092007637026,"orthographic":false}