{"cameraMode":{"drawMode":0,"name":"Shaded","section":"Shading Mode"},"sceneLighting":false,"audioPlay":false,"sceneViewState":{"showFog":false,"showMaterialUpdate":false,"showSkybox":false,"showFlares":false,"showImageEffects":false,"showParticleSystems":false},"in2DMode":false,"pivot":{"x":-2.410125732421875,"y":1.1850001811981202,"z":10.56429386138916},"rotation":{"x":0.01918170042335987,"y":-0.9482552409172058,"z":0.058391354978084567,"w":0.3115057349205017},"size":0.6588484048843384,"orthographic":false}