{"cameraMode":{"drawMode":0,"name":"Shaded","section":"Shading Mode"},"sceneLighting":false,"audioPlay":false,"sceneViewState":{"showFog":false,"showMaterialUpdate":false,"showSkybox":false,"showFlares":false,"showImageEffects":false,"showParticleSystems":false},"in2DMode":false,"pivot":{"x":-0.02617378905415535,"y":0.15053072571754456,"z":2.2351741790771486e-8},"rotation":{"x":-0.013229488395154477,"y":0.9695785641670227,"z":-0.05387212336063385,"w":-0.23848110437393189},"size":0.23302270472049714,"orthographic":false}