{"cameraMode":{"drawMode":0,"name":"Shaded","section":"Shading Mode"},"sceneLighting":false,"audioPlay":false,"sceneViewState":{"showFog":true,"showMaterialUpdate":false,"showSkybox":false,"showFlares":true,"showImageEffects":true,"showParticleSystems":true},"in2DMode":false,"pivot":{"x":-0.29825538396835329,"y":1.2931114435195923,"z":-13.711755752563477},"rotation":{"x":0.30428725481033327,"y":-0.452837198972702,"z":0.16781628131866456,"w":0.8210889101028442},"size":0.4823996126651764,"orthographic":true}