{"cameraMode":{"drawMode":0,"name":"Shaded","section":"Shading Mode"},"sceneLighting":false,"audioPlay":false,"sceneViewState":{"showFog":false,"showMaterialUpdate":false,"showSkybox":false,"showFlares":false,"showImageEffects":false,"showParticleSystems":false},"in2DMode":false,"pivot":{"x":0.0032447651028633119,"y":0.15932239592075349,"z":-1.2200325727462769e-7},"rotation":{"x":-0.013229488395154477,"y":0.9695785641670227,"z":-0.05387212336063385,"w":-0.23848110437393189},"size":0.2329871505498886,"orthographic":false}