{"cameraMode":{"drawMode":0,"name":"Shaded","section":"Shading Mode"},"sceneLighting":true,"audioPlay":false,"sceneViewState":{"showFog":false,"showMaterialUpdate":false,"showSkybox":false,"showFlares":false,"showImageEffects":false,"showParticleSystems":false},"in2DMode":false,"pivot":{"x":-0.4760822057723999,"y":0.5118417739868164,"z":14.181489944458008},"rotation":{"x":0.11193326115608216,"y":0.7468589544296265,"z":-0.13012930750846864,"w":0.6424622535705566},"size":0.6271082162857056,"orthographic":false}