{"cameraMode":{"drawMode":0,"name":"Shaded","section":"Shading Mode"},"sceneLighting":true,"audioPlay":false,"sceneViewState":{"showFog":false,"showMaterialUpdate":false,"showSkybox":false,"showFlares":false,"showImageEffects":false,"showParticleSystems":false},"in2DMode":false,"pivot":{"x":1581.3531494140625,"y":155.1868896484375,"z":-12.224483489990235},"rotation":{"x":-0.012000229209661484,"y":-0.008074693381786347,"z":0.000058746987633639947,"w":-0.9999229311943054},"size":203.11773681640626,"orthographic":false}