{"cameraMode":{"drawMode":0,"name":"Shaded","section":"Shading Mode"},"sceneLighting":true,"audioPlay":false,"sceneViewState":{"showFog":false,"showMaterialUpdate":false,"showSkybox":false,"showFlares":false,"showImageEffects":false,"showParticleSystems":false},"in2DMode":false,"pivot":{"x":573.4000244140625,"y":555.4615478515625,"z":0.0},"rotation":{"x":0.08657415956258774,"y":0.08536038547754288,"z":-0.007421886548399925,"w":0.9925697445869446},"size":300.6910095214844,"orthographic":false}