{"cameraMode":{"drawMode":0,"name":"Shaded","section":"Shading Mode"},"sceneLighting":false,"audioPlay":false,"sceneViewState":{"showFog":false,"showMaterialUpdate":false,"showSkybox":false,"showFlares":false,"showImageEffects":false,"showParticleSystems":false},"in2DMode":false,"pivot":{"x":0.0,"y":0.10884559154510498,"z":-0.000025663524866104126},"rotation":{"x":-0.013229488395154477,"y":0.9695785641670227,"z":-0.05387212336063385,"w":-0.23848110437393189},"size":0.1588864028453827,"orthographic":false}