{"cameraMode":{"drawMode":0,"name":"Shaded","section":"Shading Mode"},"sceneLighting":true,"audioPlay":false,"sceneViewState":{"showFog":false,"showMaterialUpdate":false,"showSkybox":false,"showFlares":false,"showImageEffects":false,"showParticleSystems":false},"in2DMode":false,"pivot":{"x":-2.578000068664551,"y":0.5899999141693115,"z":4.910999298095703},"rotation":{"x":0.2652748227119446,"y":-0.37936434149742129,"z":0.11450233310461045,"w":0.8790172338485718},"size":0.6248713731765747,"orthographic":false}