{"cameraMode":{"drawMode":0,"name":"Shaded","section":"Shading Mode"},"sceneLighting":true,"audioPlay":false,"sceneViewState":{"showFog":false,"showMaterialUpdate":false,"showSkybox":false,"showFlares":false,"showImageEffects":false,"showParticleSystems":false},"in2DMode":false,"pivot":{"x":10.257828712463379,"y":-8.070693969726563,"z":4.824488639831543},"rotation":{"x":0.34540000557899477,"y":-0.2444700300693512,"z":0.09369781613349915,"w":0.9011958241462708},"size":8.842397689819336,"orthographic":false}