{"cameraMode":{"drawMode":0,"name":"Shaded","section":"Shading Mode"},"sceneLighting":true,"audioPlay":false,"sceneViewState":{"showFog":false,"showMaterialUpdate":false,"showSkybox":false,"showFlares":false,"showImageEffects":false,"showParticleSystems":false},"in2DMode":false,"pivot":{"x":687.8665771484375,"y":473.76239013671877,"z":0.0},"rotation":{"x":-0.012000229209661484,"y":-0.008074693381786347,"z":0.000058746987633639947,"w":-0.9999229311943054},"size":45.254844665527347,"orthographic":false}