{"cameraMode":{"drawMode":0,"name":"Shaded","section":"Shading Mode"},"sceneLighting":true,"audioPlay":false,"sceneViewState":{"showFog":false,"showMaterialUpdate":false,"showSkybox":false,"showFlares":false,"showImageEffects":false,"showParticleSystems":false},"in2DMode":false,"pivot":{"x":687.8665771484375,"y":669.1749877929688,"z":0.0},"rotation":{"x":0.13709861040115357,"y":-0.12243048846721649,"z":0.017109790816903116,"w":0.9828507900238037},"size":45.25483322143555,"orthographic":false}