{"cameraMode":{"drawMode":0,"name":"Shaded","section":"Shading Mode"},"sceneLighting":false,"audioPlay":false,"sceneViewState":{"showFog":false,"showMaterialUpdate":false,"showSkybox":false,"showFlares":false,"showImageEffects":false,"showParticleSystems":false},"in2DMode":false,"pivot":{"x":0.06240937486290932,"y":-0.05711202695965767,"z":0.06996696442365647},"rotation":{"x":-0.024482183158397676,"y":-0.9707146286964417,"z":0.11261545866727829,"w":-0.21087710559368134},"size":0.2863287329673767,"orthographic":false}