{"cameraMode":{"drawMode":0,"name":"Shaded","section":"Shading Mode"},"sceneLighting":true,"audioPlay":false,"sceneViewState":{"showFog":false,"showMaterialUpdate":false,"showSkybox":false,"showFlares":false,"showImageEffects":false,"showParticleSystems":false},"in2DMode":false,"pivot":{"x":1059.133056640625,"y":231.9982452392578,"z":5.405006408691406},"rotation":{"x":0.04257680103182793,"y":-0.02340894564986229,"z":0.0010292845545336605,"w":0.9988591074943543},"size":70.55885314941406,"orthographic":false}