{"cameraMode":{"drawMode":0,"name":"Shaded","section":"Shading Mode"},"sceneLighting":true,"audioPlay":false,"sceneViewState":{"showFog":false,"showMaterialUpdate":false,"showSkybox":false,"showFlares":false,"showImageEffects":false,"showParticleSystems":false},"in2DMode":false,"pivot":{"x":1.8894009590148926,"y":0.5878452658653259,"z":2.8132078647613527},"rotation":{"x":0.09365394711494446,"y":0.6557947993278503,"z":-0.08245310932397843,"w":0.744597852230072},"size":0.14118504524230958,"orthographic":false}