{"cameraMode":{"drawMode":0,"name":"Shaded","section":"Shading Mode"},"sceneLighting":true,"audioPlay":false,"sceneViewState":{"showFog":false,"showMaterialUpdate":false,"showSkybox":false,"showFlares":false,"showImageEffects":false,"showParticleSystems":false},"in2DMode":false,"pivot":{"x":635.9603271484375,"y":608.1199951171875,"z":0.0},"rotation":{"x":-0.051785342395305637,"y":0.0590062253177166,"z":-0.003098724875599146,"w":-0.9969269037246704},"size":130.31021118164063,"orthographic":false}