{"cameraMode":{"drawMode":0,"name":"Shaded","section":"Shading Mode"},"sceneLighting":false,"audioPlay":false,"sceneViewState":{"showFog":false,"showMaterialUpdate":false,"showSkybox":false,"showFlares":false,"showImageEffects":false,"showParticleSystems":false},"in2DMode":false,"pivot":{"x":0.0,"y":0.11325833201408386,"z":6.51925802230835e-9},"rotation":{"x":-0.09645052254199982,"y":0.13456369936466218,"z":-0.013184628449380398,"w":-0.9861283898353577},"size":0.17591990530490876,"orthographic":false}