{"cameraMode":{"drawMode":0,"name":"Shaded","section":"Shading Mode"},"sceneLighting":false,"audioPlay":false,"sceneViewState":{"showFog":false,"showMaterialUpdate":false,"showSkybox":false,"showFlares":false,"showImageEffects":false,"showParticleSystems":false},"in2DMode":false,"pivot":{"x":0.01156550645828247,"y":0.2517785131931305,"z":0.09591106325387955},"rotation":{"x":0.30009129643440249,"y":0.2521090805530548,"z":-0.08257090300321579,"w":0.9162845611572266},"size":0.5699126720428467,"orthographic":false}