{"cameraMode":{"drawMode":0,"name":"Shaded","section":"Shading Mode"},"sceneLighting":true,"audioPlay":false,"sceneViewState":{"showFog":false,"showMaterialUpdate":false,"showSkybox":false,"showFlares":false,"showImageEffects":false,"showParticleSystems":false},"in2DMode":false,"pivot":{"x":-2.578000068664551,"y":0.5899999141693115,"z":4.910999298095703},"rotation":{"x":-0.026520391926169397,"y":0.9330667853355408,"z":-0.3518495559692383,"w":-0.0703708752989769},"size":0.32487136125564577,"orthographic":false}