{"cameraMode":{"drawMode":0,"name":"Shaded","section":"Shading Mode"},"sceneLighting":true,"audioPlay":false,"sceneViewState":{"showFog":false,"showMaterialUpdate":false,"showSkybox":false,"showFlares":false,"showImageEffects":false,"showParticleSystems":false},"in2DMode":false,"pivot":{"x":977.3592529296875,"y":849.83642578125,"z":16.04145050048828},"rotation":{"x":-0.023396866396069528,"y":-0.012875547632575035,"z":0.00028220913372933865,"w":-0.9996604323387146},"size":201.36618041992188,"orthographic":false}