{"cameraMode":{"drawMode":0,"name":"Shaded","section":"Shading Mode"},"sceneLighting":false,"audioPlay":false,"sceneViewState":{"showFog":false,"showMaterialUpdate":false,"showSkybox":false,"showFlares":false,"showImageEffects":false,"showParticleSystems":false},"in2DMode":false,"pivot":{"x":0.01156550645828247,"y":0.2517785131931305,"z":0.09591106325387955},"rotation":{"x":0.3545595705509186,"y":0.6443449258804321,"z":-0.45516127347946169,"w":0.5019403696060181},"size":0.5699126720428467,"orthographic":false}