{"cameraMode":{"drawMode":0,"name":"Shaded","section":"Shading Mode"},"sceneLighting":true,"audioPlay":false,"sceneViewState":{"showFog":false,"showMaterialUpdate":false,"showSkybox":false,"showFlares":false,"showImageEffects":false,"showParticleSystems":false},"in2DMode":false,"pivot":{"x":0.96322101354599,"y":-5.424883842468262,"z":12.35230827331543},"rotation":{"x":0.3438374698162079,"y":-0.002819688757881522,"z":0.0010212614433839918,"w":0.939037024974823},"size":5.644044399261475,"orthographic":false}