{"cameraMode":{"drawMode":0,"name":"Shaded","section":"Shading Mode"},"sceneLighting":true,"audioPlay":false,"sceneViewState":{"showFog":false,"showMaterialUpdate":false,"showSkybox":false,"showFlares":false,"showImageEffects":false,"showParticleSystems":false},"in2DMode":false,"pivot":{"x":-2.872999906539917,"y":0.5899999141693115,"z":4.910999298095703},"rotation":{"x":-0.18472450971603394,"y":0.5878704786300659,"z":-0.14015643298625947,"w":-0.7750458121299744},"size":3.0248711109161379,"orthographic":false}