{"cameraMode":{"drawMode":0,"name":"Shaded","section":"Shading Mode"},"sceneLighting":false,"audioPlay":false,"sceneViewState":{"showFog":false,"showMaterialUpdate":false,"showSkybox":false,"showFlares":false,"showImageEffects":false,"showParticleSystems":false},"in2DMode":false,"pivot":{"x":0.38700002431869509,"y":1.3399999141693116,"z":10.319999694824219},"rotation":{"x":0.08546017855405808,"y":-0.8618384003639221,"z":0.47531044483184817,"w":0.15495753288269044},"size":1.5588483810424805,"orthographic":false}