{"cameraMode":{"drawMode":0,"name":"Shaded","section":"Shading Mode"},"sceneLighting":true,"audioPlay":false,"sceneViewState":{"showFog":false,"showMaterialUpdate":false,"showSkybox":false,"showFlares":false,"showImageEffects":false,"showParticleSystems":false},"in2DMode":false,"pivot":{"x":1465.921142578125,"y":651.637451171875,"z":0.0},"rotation":{"x":-0.012000229209661484,"y":-0.008074693381786347,"z":0.000058746987633639947,"w":-0.9999229311943054},"size":56.568565368652347,"orthographic":false}