{"cameraMode":{"drawMode":0,"name":"Shaded","section":"Shading Mode"},"sceneLighting":true,"audioPlay":false,"sceneViewState":{"showFog":false,"showMaterialUpdate":false,"showSkybox":false,"showFlares":false,"showImageEffects":false,"showParticleSystems":false},"in2DMode":false,"pivot":{"x":0.738176167011261,"y":0.4350072145462036,"z":-0.2125806361436844},"rotation":{"x":-0.11915549635887146,"y":0.5751223564147949,"z":-0.08518815785646439,"w":-0.80488121509552},"size":0.20777136087417603,"orthographic":false}