{"cameraMode":{"drawMode":0,"name":"Shaded","section":"Shading Mode"},"sceneLighting":true,"audioPlay":false,"sceneViewState":{"showFog":false,"showMaterialUpdate":false,"showSkybox":false,"showFlares":false,"showImageEffects":false,"showParticleSystems":false},"in2DMode":false,"pivot":{"x":8.111892700195313,"y":0.8187021017074585,"z":2.018219232559204},"rotation":{"x":-0.002985508879646659,"y":0.1003309115767479,"z":0.00029818672919645905,"w":0.9949565529823303},"size":0.6212449073791504,"orthographic":false}