{"cameraMode":{"drawMode":0,"name":"Shaded","section":"Shading Mode"},"sceneLighting":true,"audioPlay":false,"sceneViewState":{"showFog":false,"showMaterialUpdate":false,"showSkybox":false,"showFlares":false,"showImageEffects":false,"showParticleSystems":false},"in2DMode":false,"pivot":{"x":5.261478424072266,"y":-0.5649343729019165,"z":11.142698287963868},"rotation":{"x":-0.0838901698589325,"y":0.017359664663672448,"z":-0.001508807297796011,"w":-0.9963500499725342},"size":29.6278133392334,"orthographic":false}